year,PHU,metric,popw_mean
2013,York Region Public Health,PM25_3h,12.95065689086914
2013,Huron Perth Health Unit,PM25_3h,13.021086692810059
2013,"Region of Waterloo, Public Health",PM25_3h,13.124770164489746
2013,Southwestern Public Health,PM25_3h,13.166333198547363
2013,Hamilton Public Health Services,PM25_3h,13.198661804199219
2013,Thunder Bay District Health Unit,PM25_3h,12.017617225646973
2013,Peel Public Health,PM25_3h,13.077668190002441
2013,Lambton Public Health,PM25_3h,13.123034477233887
2013,Wellington-Dufferin-Guelph Health Unit,PM25_3h,13.051743507385254
2013,Brant County Health Unit,PM25_3h,13.193808555603027
2013,Middlesex-London Health Unit,PM25_3h,13.136246681213379
2013,Sudbury and District Health Unit,PM25_3h,12.142327308654785
2013,"Haliburton, Kawartha, Pine Ridge District Health Unit",PM25_3h,12.648261070251465
2013,Niagara Region Public Health Department,PM25_3h,13.132158279418945
2013,Chatham-Kent Health Unit,PM25_3h,13.14095401763916
2013,"Kingston, Frontenac and Lennox and Addington Health Unit",PM25_3h,12.428001403808594
2013,Windsor-Essex County Health Unit,PM25_3h,13.131237983703613
2013,Peterborough Public Health,PM25_3h,12.630663871765137
2013,Grey Bruce Health Unit,PM25_3h,12.750442504882813
2013,Eastern Ontario Health Unit,PM25_3h,12.200592994689941
2013,North Bay Parry Sound District Health Unit,PM25_3h,12.163965225219727
2013,Ottawa Public Health,PM25_3h,12.185114860534668
2013,"Leeds, Grenville and Lanark District Health Unit",PM25_3h,12.286466598510742
2013,Northwestern Health Unit,PM25_3h,12.028792381286621
2013,Haldimand-Norfolk Health Unit,PM25_3h,13.207942962646484
2013,Timiskaming Health Unit,PM25_3h,11.957120895385742
2013,Renfrew County and District Health Unit,PM25_3h,12.153061866760254
2013,Toronto Public Health,PM25_3h,13.02244758605957
2013,Halton Region Health Department,PM25_3h,13.142989158630371
2013,Hastings and Prince Edward Counties Health Unit,PM25_3h,12.53857135772705
2013,Simcoe Muskoka District Health Unit,PM25_3h,12.713232040405273
2013,Durham Region Health Department,PM25_3h,12.874486923217773
2013,Porcupine Health Unit,PM25_3h,11.908472061157227
2013,Algoma Public Health Unit,PM25_3h,12.188525199890137
2013,York Region Public Health,PM25_8h,10.725184440612793
2013,Huron Perth Health Unit,PM25_8h,10.800115585327148
2013,"Region of Waterloo, Public Health",PM25_8h,10.881063461303711
2013,Southwestern Public Health,PM25_8h,10.929492950439453
2013,Hamilton Public Health Services,PM25_8h,10.94239330291748
2013,Thunder Bay District Health Unit,PM25_8h,9.953603744506836
2013,Peel Public Health,PM25_8h,10.833919525146484
2013,Lambton Public Health,PM25_8h,10.914998054504395
2013,Wellington-Dufferin-Guelph Health Unit,PM25_8h,10.814285278320313
2013,Brant County Health Unit,PM25_8h,10.942051887512207
2013,Middlesex-London Health Unit,PM25_8h,10.907097816467285
2013,Sudbury and District Health Unit,PM25_8h,10.033011436462402
2013,"Haliburton, Kawartha, Pine Ridge District Health Unit",PM25_8h,10.473869323730469
2013,Niagara Region Public Health Department,PM25_8h,10.889363288879395
2013,Chatham-Kent Health Unit,PM25_8h,10.928637504577637
2013,"Kingston, Frontenac and Lennox and Addington Health Unit",PM25_8h,10.31134033203125
2013,Windsor-Essex County Health Unit,PM25_8h,10.926907539367676
2013,Peterborough Public Health,PM25_8h,10.459452629089355
2013,Grey Bruce Health Unit,PM25_8h,10.558440208435059
2013,Eastern Ontario Health Unit,PM25_8h,10.114959716796875
2013,North Bay Parry Sound District Health Unit,PM25_8h,10.051518440246582
2013,Ottawa Public Health,PM25_8h,10.100013732910156
2013,"Leeds, Grenville and Lanark District Health Unit",PM25_8h,10.188612937927246
2013,Northwestern Health Unit,PM25_8h,9.966197967529297
2013,Haldimand-Norfolk Health Unit,PM25_8h,10.958416938781738
2013,Timiskaming Health Unit,PM25_8h,9.880878448486328
2013,Renfrew County and District Health Unit,PM25_8h,10.063671112060547
2013,Toronto Public Health,PM25_8h,10.788566589355469
2013,Halton Region Health Department,PM25_8h,10.892173767089844
2013,Hastings and Prince Edward Counties Health Unit,PM25_8h,10.392289161682129
2013,Simcoe Muskoka District Health Unit,PM25_8h,10.517998695373535
2013,Durham Region Health Department,PM25_8h,10.663920402526855
2013,Porcupine Health Unit,PM25_8h,9.842512130737305
2013,Algoma Public Health Unit,PM25_8h,10.08265209197998
2014,York Region Public Health,PM25_3h,13.338632583618164
2014,Huron Perth Health Unit,PM25_3h,13.541874885559082
2014,"Region of Waterloo, Public Health",PM25_3h,13.576578140258789
2014,Southwestern Public Health,PM25_3h,13.700599670410156
2014,Hamilton Public Health Services,PM25_3h,13.6421480178833
2014,Thunder Bay District Health Unit,PM25_3h,12.71249771118164
2014,Peel Public Health,PM25_3h,13.489645004272461
2014,Lambton Public Health,PM25_3h,13.794049263000488
2014,Wellington-Dufferin-Guelph Health Unit,PM25_3h,13.488899230957031
2014,Brant County Health Unit,PM25_3h,13.665023803710938
2014,Middlesex-London Health Unit,PM25_3h,13.696412086486816
2014,Sudbury and District Health Unit,PM25_3h,12.597301483154297
2014,"Haliburton, Kawartha, Pine Ridge District Health Unit",PM25_3h,12.972984313964844
2014,Niagara Region Public Health Department,PM25_3h,13.533646583557129
2014,Chatham-Kent Health Unit,PM25_3h,13.7962007522583
2014,"Kingston, Frontenac and Lennox and Addington Health Unit",PM25_3h,12.729753494262695
2014,Windsor-Essex County Health Unit,PM25_3h,13.828146934509277
2014,Peterborough Public Health,PM25_3h,12.94608211517334
2014,Grey Bruce Health Unit,PM25_3h,13.22364616394043
2014,Eastern Ontario Health Unit,PM25_3h,12.441848754882813
2014,North Bay Parry Sound District Health Unit,PM25_3h,12.526103973388672
2014,Ottawa Public Health,PM25_3h,12.429012298583984
2014,"Leeds, Grenville and Lanark District Health Unit",PM25_3h,12.553503036499023
2014,Northwestern Health Unit,PM25_3h,12.73592758178711
2014,Haldimand-Norfolk Health Unit,PM25_3h,13.691263198852539
2014,Timiskaming Health Unit,PM25_3h,12.356698036193848
2014,Renfrew County and District Health Unit,PM25_3h,12.426809310913086
2014,Toronto Public Health,PM25_3h,13.417381286621094
2014,Halton Region Health Department,PM25_3h,13.569700241088867
2014,Hastings and Prince Edward Counties Health Unit,PM25_3h,12.840612411499023
2014,Simcoe Muskoka District Health Unit,PM25_3h,13.091155052185059
2014,Durham Region Health Department,PM25_3h,13.237727165222168
2014,Porcupine Health Unit,PM25_3h,12.383119583129883
2014,Algoma Public Health Unit,PM25_3h,12.788320541381836
2014,York Region Public Health,PM25_8h,10.946319580078125
2014,Huron Perth Health Unit,PM25_8h,11.096571922302246
2014,"Region of Waterloo, Public Health",PM25_8h,11.1264066696167
2014,Southwestern Public Health,PM25_8h,11.235466003417969
2014,Hamilton Public Health Services,PM25_8h,11.194866180419922
2014,Thunder Bay District Health Unit,PM25_8h,10.361371994018555
2014,Peel Public Health,PM25_8h,11.069514274597168
2014,Lambton Public Health,PM25_8h,11.319840431213379
2014,Wellington-Dufferin-Guelph Health Unit,PM25_8h,11.057031631469727
2014,Brant County Health Unit,PM25_8h,11.206543922424316
2014,Middlesex-London Health Unit,PM25_8h,11.230939865112305
2014,Sudbury and District Health Unit,PM25_8h,10.298683166503906
2014,"Haliburton, Kawartha, Pine Ridge District Health Unit",PM25_8h,10.64947509765625
2014,Niagara Region Public Health Department,PM25_8h,11.118265151977539
2014,Chatham-Kent Health Unit,PM25_8h,11.322222709655762
2014,"Kingston, Frontenac and Lennox and Addington Health Unit",PM25_8h,10.460772514343262
2014,Windsor-Essex County Health Unit,PM25_8h,11.350787162780762
2014,Peterborough Public Health,PM25_8h,10.627962112426758
2014,Grey Bruce Health Unit,PM25_8h,10.831393241882324
2014,Eastern Ontario Health Unit,PM25_8h,10.224921226501465
2014,North Bay Parry Sound District Health Unit,PM25_8h,10.256616592407227
2014,Ottawa Public Health,PM25_8h,10.21353530883789
2014,"Leeds, Grenville and Lanark District Health Unit",PM25_8h,10.316169738769531
2014,Northwestern Health Unit,PM25_8h,10.381987571716309
2014,Haldimand-Norfolk Health Unit,PM25_8h,11.234824180603027
2014,Timiskaming Health Unit,PM25_8h,10.106128692626953
2014,Renfrew County and District Health Unit,PM25_8h,10.200498580932617
2014,Toronto Public Health,PM25_8h,11.014708518981934
2014,Halton Region Health Department,PM25_8h,11.135255813598633
2014,Hastings and Prince Edward Counties Health Unit,PM25_8h,10.547743797302246
2014,Simcoe Muskoka District Health Unit,PM25_8h,10.732575416564941
2014,Durham Region Health Department,PM25_8h,10.867992401123047
2014,Porcupine Health Unit,PM25_8h,10.114057540893555
2014,Algoma Public Health Unit,PM25_8h,10.438268661499023
2015,York Region Public Health,PM25_3h,13.104979515075684
2015,Huron Perth Health Unit,PM25_3h,13.249424934387207
2015,"Region of Waterloo, Public Health",PM25_3h,13.329379081726074
2015,Southwestern Public Health,PM25_3h,13.388660430908203
2015,Hamilton Public Health Services,PM25_3h,13.385193824768066
2015,Thunder Bay District Health Unit,PM25_3h,12.308794975280762
2015,Peel Public Health,PM25_3h,13.247443199157715
2015,Lambton Public Health,PM25_3h,13.396629333496094
2015,Wellington-Dufferin-Guelph Health Unit,PM25_3h,13.244834899902344
2015,Brant County Health Unit,PM25_3h,13.39551067352295
2015,Middlesex-London Health Unit,PM25_3h,13.365371704101563
2015,Sudbury and District Health Unit,PM25_3h,12.37598991394043
2015,"Haliburton, Kawartha, Pine Ridge District Health Unit",PM25_3h,12.767476081848145
2015,Niagara Region Public Health Department,PM25_3h,13.298602104187012
2015,Chatham-Kent Health Unit,PM25_3h,13.406875610351563
2015,"Kingston, Frontenac and Lennox and Addington Health Unit",PM25_3h,12.541359901428223
2015,Windsor-Essex County Health Unit,PM25_3h,13.415974617004395
2015,Peterborough Public Health,PM25_3h,12.743016242980957
2015,Grey Bruce Health Unit,PM25_3h,12.966780662536621
2015,Eastern Ontario Health Unit,PM25_3h,12.286844253540039
2015,North Bay Parry Sound District Health Unit,PM25_3h,12.331148147583008
2015,Ottawa Public Health,PM25_3h,12.267987251281738
2015,"Leeds, Grenville and Lanark District Health Unit",PM25_3h,12.383772850036621
2015,Northwestern Health Unit,PM25_3h,12.322341918945313
2015,Haldimand-Norfolk Health Unit,PM25_3h,13.407881736755371
2015,Timiskaming Health Unit,PM25_3h,12.150739669799805
2015,Renfrew County and District Health Unit,PM25_3h,12.253442764282227
2015,Toronto Public Health,PM25_3h,13.179862022399902
2015,Halton Region Health Department,PM25_3h,13.32293701171875
2015,Hastings and Prince Edward Counties Health Unit,PM25_3h,12.645902633666992
2015,Simcoe Muskoka District Health Unit,PM25_3h,12.868534088134766
2015,Durham Region Health Department,PM25_3h,13.014104843139648
2015,Porcupine Health Unit,PM25_3h,12.134896278381348
2015,Algoma Public Health Unit,PM25_3h,12.477714538574219
2015,York Region Public Health,PM25_8h,10.799308776855469
2015,Huron Perth Health Unit,PM25_8h,10.92044734954834
2015,"Region of Waterloo, Public Health",PM25_8h,10.987113952636719
2015,Southwestern Public Health,PM25_8h,11.042866706848145
2015,Hamilton Public Health Services,PM25_8h,11.037141799926758
2015,Thunder Bay District Health Unit,PM25_8h,10.110620498657227
2015,Peel Public Health,PM25_8h,10.920286178588867
2015,Lambton Public Health,PM25_8h,11.057746887207031
2015,Wellington-Dufferin-Guelph Health Unit,PM25_8h,10.914966583251953
2015,Brant County Health Unit,PM25_8h,11.045055389404297
2015,Middlesex-London Health Unit,PM25_8h,11.024085998535156
2015,Sudbury and District Health Unit,PM25_8h,10.15739631652832
2015,"Haliburton, Kawartha, Pine Ridge District Health Unit",PM25_8h,10.514121055603027
2015,Niagara Region Public Health Department,PM25_8h,10.96702766418457
2015,Chatham-Kent Health Unit,PM25_8h,11.066515922546387
2015,"Kingston, Frontenac and Lennox and Addington Health Unit",PM25_8h,10.331127166748047
2015,Windsor-Essex County Health Unit,PM25_8h,11.07568359375
2015,Peterborough Public Health,PM25_8h,10.493746757507324
2015,Grey Bruce Health Unit,PM25_8h,10.674261093139648
2015,Eastern Ontario Health Unit,PM25_8h,10.117338180541992
2015,North Bay Parry Sound District Health Unit,PM25_8h,10.130654335021973
2015,Ottawa Public Health,PM25_8h,10.103104591369629
2015,"Leeds, Grenville and Lanark District Health Unit",PM25_8h,10.199583053588867
2015,Northwestern Health Unit,PM25_8h,10.124065399169922
2015,Haldimand-Norfolk Health Unit,PM25_8h,11.058390617370605
2015,Timiskaming Health Unit,PM25_8h,9.974092483520508
2015,Renfrew County and District Health Unit,PM25_8h,10.084978103637695
2015,Toronto Public Health,PM25_8h,10.864753723144531
2015,Halton Region Health Department,PM25_8h,10.984237670898438
2015,Hastings and Prince Edward Counties Health Unit,PM25_8h,10.41530704498291
2015,Simcoe Muskoka District Health Unit,PM25_8h,10.593013763427734
2015,Durham Region Health Department,PM25_8h,10.723480224609375
2015,Porcupine Health Unit,PM25_8h,9.957225799560547
2015,Algoma Public Health Unit,PM25_8h,10.242225646972656
2016,York Region Public Health,PM25_3h,11.018952369689941
2016,Huron Perth Health Unit,PM25_3h,11.07891845703125
2016,"Region of Waterloo, Public Health",PM25_3h,11.152771949768066
2016,Southwestern Public Health,PM25_3h,11.19717788696289
2016,Hamilton Public Health Services,PM25_3h,11.205766677856445
2016,Thunder Bay District Health Unit,PM25_3h,10.269109725952148
2016,Peel Public Health,PM25_3h,11.113157272338867
2016,Lambton Public Health,PM25_3h,11.201530456542969
2016,Wellington-Dufferin-Guelph Health Unit,PM25_3h,11.093937873840332
2016,Brant County Health Unit,PM25_3h,11.208940505981445
2016,Middlesex-London Health Unit,PM25_3h,11.173940658569336
2016,Sudbury and District Health Unit,PM25_3h,10.4230318069458
2016,"Haliburton, Kawartha, Pine Ridge District Health Unit",PM25_3h,10.782920837402344
2016,Niagara Region Public Health Department,PM25_3h,11.158188819885254
2016,Chatham-Kent Health Unit,PM25_3h,11.210041999816895
2016,"Kingston, Frontenac and Lennox and Addington Health Unit",PM25_3h,10.637171745300293
2016,Windsor-Essex County Health Unit,PM25_3h,11.225768089294434
2016,Peterborough Public Health,PM25_3h,10.76749038696289
2016,Grey Bruce Health Unit,PM25_3h,10.868701934814453
2016,Eastern Ontario Health Unit,PM25_3h,10.46568489074707
2016,North Bay Parry Sound District Health Unit,PM25_3h,10.424702644348145
2016,Ottawa Public Health,PM25_3h,10.443181037902832
2016,"Leeds, Grenville and Lanark District Health Unit",PM25_3h,10.52813720703125
2016,Northwestern Health Unit,PM25_3h,10.280243873596191
2016,Haldimand-Norfolk Health Unit,PM25_3h,11.224418640136719
2016,Timiskaming Health Unit,PM25_3h,10.273259162902832
2016,Renfrew County and District Health Unit,PM25_3h,10.417351722717285
2016,Toronto Public Health,PM25_3h,11.076001167297363
2016,Halton Region Health Department,PM25_3h,11.162910461425781
2016,Hastings and Prince Edward Counties Health Unit,PM25_3h,10.704398155212402
2016,Simcoe Muskoka District Health Unit,PM25_3h,10.832765579223633
2016,Durham Region Health Department,PM25_3h,10.95991325378418
2016,Porcupine Health Unit,PM25_3h,10.22738265991211
2016,Algoma Public Health Unit,PM25_3h,10.452510833740234
2016,York Region Public Health,PM25_8h,9.089520454406738
2016,Huron Perth Health Unit,PM25_8h,9.147309303283691
2016,"Region of Waterloo, Public Health",PM25_8h,9.210368156433105
2016,Southwestern Public Health,PM25_8h,9.25216007232666
2016,Hamilton Public Health Services,PM25_8h,9.255990028381348
2016,Thunder Bay District Health Unit,PM25_8h,8.431669235229492
2016,Peel Public Health,PM25_8h,9.1763153076171875
2016,Lambton Public Health,PM25_8h,9.256976127624512
2016,Wellington-Dufferin-Guelph Health Unit,PM25_8h,9.157983779907227
2016,Brant County Health Unit,PM25_8h,9.25881576538086
2016,Middlesex-London Health Unit,PM25_8h,9.233283996582031
2016,Sudbury and District Health Unit,PM25_8h,8.546679496765137
2016,"Haliburton, Kawartha, Pine Ridge District Health Unit",PM25_8h,8.878594398498535
2016,Niagara Region Public Health Department,PM25_8h,9.214241981506348
2016,Chatham-Kent Health Unit,PM25_8h,9.265339851379395
2016,"Kingston, Frontenac and Lennox and Addington Health Unit",PM25_8h,8.759232521057129
2016,Windsor-Essex County Health Unit,PM25_8h,9.274630546569824
2016,Peterborough Public Health,PM25_8h,8.864860534667969
2016,Grey Bruce Health Unit,PM25_8h,8.955577850341797
2016,Eastern Ontario Health Unit,PM25_8h,8.607176780700684
2016,North Bay Parry Sound District Health Unit,PM25_8h,8.55264663696289
2016,Ottawa Public Health,PM25_8h,8.58737850189209
2016,"Leeds, Grenville and Lanark District Health Unit",PM25_8h,8.662698745727539
2016,Northwestern Health Unit,PM25_8h,8.442252159118652
2016,Haldimand-Norfolk Health Unit,PM25_8h,9.273465156555176
2016,Timiskaming Health Unit,PM25_8h,8.418672561645508
2016,Renfrew County and District Health Unit,PM25_8h,8.55907154083252
2016,Toronto Public Health,PM25_8h,9.14184856414795
2016,Halton Region Health Department,PM25_8h,9.219709396362305
2016,Hastings and Prince Edward Counties Health Unit,PM25_8h,8.813679695129395
2016,Simcoe Muskoka District Health Unit,PM25_8h,8.92008113861084
2016,Durham Region Health Department,PM25_8h,9.03553295135498
2016,Porcupine Health Unit,PM25_8h,8.3800048828125
2016,Algoma Public Health Unit,PM25_8h,8.577616691589355
2017,York Region Public Health,PM25_3h,11.190537452697754
2017,Huron Perth Health Unit,PM25_3h,11.182916641235352
2017,"Region of Waterloo, Public Health",PM25_3h,11.28908920288086
2017,Southwestern Public Health,PM25_3h,11.305715560913086
2017,Hamilton Public Health Services,PM25_3h,11.363222122192383
2017,Thunder Bay District Health Unit,PM25_3h,10.398037910461426
2017,Peel Public Health,PM25_3h,11.287524223327637
2017,Lambton Public Health,PM25_3h,11.276165008544922
2017,Wellington-Dufferin-Guelph Health Unit,PM25_3h,11.240684509277344
2017,Brant County Health Unit,PM25_3h,11.348125457763672
2017,Middlesex-London Health Unit,PM25_3h,11.268016815185547
2017,Sudbury and District Health Unit,PM25_3h,10.489705085754395
2017,"Haliburton, Kawartha, Pine Ridge District Health Unit",PM25_3h,10.925016403198242
2017,Niagara Region Public Health Department,PM25_3h,11.322769165039063
2017,Chatham-Kent Health Unit,PM25_3h,11.288983345031738
2017,"Kingston, Frontenac and Lennox and Addington Health Unit",PM25_3h,10.757349014282227
2017,Windsor-Essex County Health Unit,PM25_3h,11.295059204101563
2017,Peterborough Public Health,PM25_3h,10.908628463745117
2017,Grey Bruce Health Unit,PM25_3h,10.980584144592285
2017,Eastern Ontario Health Unit,PM25_3h,10.544264793395996
2017,North Bay Parry Sound District Health Unit,PM25_3h,10.503369331359863
2017,Ottawa Public Health,PM25_3h,10.526409149169922
2017,"Leeds, Grenville and Lanark District Health Unit",PM25_3h,10.62553596496582
2017,Northwestern Health Unit,PM25_3h,10.406669616699219
2017,Haldimand-Norfolk Health Unit,PM25_3h,11.361589431762695
2017,Timiskaming Health Unit,PM25_3h,10.338297843933105
2017,Renfrew County and District Health Unit,PM25_3h,10.501646995544434
2017,Toronto Public Health,PM25_3h,11.253820419311523
2017,Halton Region Health Department,PM25_3h,11.32884407043457
2017,Hastings and Prince Edward Counties Health Unit,PM25_3h,10.838056564331055
2017,Simcoe Muskoka District Health Unit,PM25_3h,10.97485637664795
2017,Durham Region Health Department,PM25_3h,11.123750686645508
2017,Porcupine Health Unit,PM25_3h,10.302626609802246
2017,Algoma Public Health Unit,PM25_3h,10.536274909973145
2017,York Region Public Health,PM25_8h,9.179495811462402
2017,Huron Perth Health Unit,PM25_8h,9.185193061828613
2017,"Region of Waterloo, Public Health",PM25_8h,9.26959228515625
2017,Southwestern Public Health,PM25_8h,9.29244327545166
2017,Hamilton Public Health Services,PM25_8h,9.330331802368164
2017,Thunder Bay District Health Unit,PM25_8h,8.49082088470459
2017,Peel Public Health,PM25_8h,9.26400375366211
2017,Lambton Public Health,PM25_8h,9.2747802734375
2017,Wellington-Dufferin-Guelph Health Unit,PM25_8h,9.225935935974121
2017,Brant County Health Unit,PM25_8h,9.3202362060546875
2017,Middlesex-London Health Unit,PM25_8h,9.2634916305542
2017,Sudbury and District Health Unit,PM25_8h,8.573945045471191
2017,"Haliburton, Kawartha, Pine Ridge District Health Unit",PM25_8h,8.954045295715332
2017,Niagara Region Public Health Department,PM25_8h,9.296034812927246
2017,Chatham-Kent Health Unit,PM25_8h,9.285709381103516
2017,"Kingston, Frontenac and Lennox and Addington Health Unit",PM25_8h,8.819912910461426
2017,Windsor-Essex County Health Unit,PM25_8h,9.290108680725098
2017,Peterborough Public Health,PM25_8h,8.940032958984375
2017,Grey Bruce Health Unit,PM25_8h,9.004230499267578
2017,Eastern Ontario Health Unit,PM25_8h,8.64651107788086
2017,North Bay Parry Sound District Health Unit,PM25_8h,8.590275764465332
2017,Ottawa Public Health,PM25_8h,8.630731582641602
2017,"Leeds, Grenville and Lanark District Health Unit",PM25_8h,8.712206840515137
2017,Northwestern Health Unit,PM25_8h,8.499510765075684
2017,Haldimand-Norfolk Health Unit,PM25_8h,9.33408260345459
2017,Timiskaming Health Unit,PM25_8h,8.447920799255371
2017,Renfrew County and District Health Unit,PM25_8h,8.601896286010742
2017,Toronto Public Health,PM25_8h,9.234708786010742
2017,Halton Region Health Department,PM25_8h,9.300198554992676
2017,Hastings and Prince Edward Counties Health Unit,PM25_8h,8.883745193481445
2017,Simcoe Muskoka District Health Unit,PM25_8h,8.993550300598145
2017,Durham Region Health Department,PM25_8h,9.122783660888672
2017,Porcupine Health Unit,PM25_8h,8.413792610168457
2017,Algoma Public Health Unit,PM25_8h,8.611934661865234
2018,York Region Public Health,PM25_3h,11.77657413482666
2018,Huron Perth Health Unit,PM25_3h,11.810080528259277
2018,"Region of Waterloo, Public Health",PM25_3h,11.890878677368164
2018,Southwestern Public Health,PM25_3h,11.911702156066895
2018,Hamilton Public Health Services,PM25_3h,11.944093704223633
2018,Thunder Bay District Health Unit,PM25_3h,11.227086067199707
2018,Peel Public Health,PM25_3h,11.870475769042969
2018,Lambton Public Health,PM25_3h,11.917357444763184
2018,Wellington-Dufferin-Guelph Health Unit,PM25_3h,11.845502853393555
2018,Brant County Health Unit,PM25_3h,11.939027786254883
2018,Middlesex-London Health Unit,PM25_3h,11.882942199707031
2018,Sudbury and District Health Unit,PM25_3h,11.231595039367676
2018,"Haliburton, Kawartha, Pine Ridge District Health Unit",PM25_3h,11.529472351074219
2018,Niagara Region Public Health Department,PM25_3h,11.891868591308594
2018,Chatham-Kent Health Unit,PM25_3h,11.922809600830078
2018,"Kingston, Frontenac and Lennox and Addington Health Unit",PM25_3h,11.350969314575195
2018,Windsor-Essex County Health Unit,PM25_3h,11.93871784210205
2018,Peterborough Public Health,PM25_3h,11.513972282409668
2018,Grey Bruce Health Unit,PM25_3h,11.634437561035156
2018,Eastern Ontario Health Unit,PM25_3h,11.142098426818848
2018,North Bay Parry Sound District Health Unit,PM25_3h,11.212364196777344
2018,Ottawa Public Health,PM25_3h,11.128756523132324
2018,"Leeds, Grenville and Lanark District Health Unit",PM25_3h,11.222400665283203
2018,Northwestern Health Unit,PM25_3h,11.235736846923828
2018,Haldimand-Norfolk Health Unit,PM25_3h,11.947593688964844
2018,Timiskaming Health Unit,PM25_3h,11.077543258666992
2018,Renfrew County and District Health Unit,PM25_3h,11.122318267822266
2018,Toronto Public Health,PM25_3h,11.829896926879883
2018,Halton Region Health Department,PM25_3h,11.911176681518555
2018,Hastings and Prince Edward Counties Health Unit,PM25_3h,11.43669319152832
2018,Simcoe Muskoka District Health Unit,PM25_3h,11.60057544708252
2018,Durham Region Health Department,PM25_3h,11.708974838256836
2018,Porcupine Health Unit,PM25_3h,11.073461532592773
2018,Algoma Public Health Unit,PM25_3h,11.314336776733398
2018,York Region Public Health,PM25_8h,9.69040584564209
2018,Huron Perth Health Unit,PM25_8h,9.73021411895752
2018,"Region of Waterloo, Public Health",PM25_8h,9.798637390136719
2018,Southwestern Public Health,PM25_8h,9.825257301330566
2018,Hamilton Public Health Services,PM25_8h,9.845585823059082
2018,Thunder Bay District Health Unit,PM25_8h,9.160272598266602
2018,Peel Public Health,PM25_8h,9.776214599609375
2018,Lambton Public Health,PM25_8h,9.830016136169434
2018,Wellington-Dufferin-Guelph Health Unit,PM25_8h,9.754484176635742
2018,Brant County Health Unit,PM25_8h,9.843270301818848
2018,Middlesex-London Health Unit,PM25_8h,9.802128791809082
2018,Sudbury and District Health Unit,PM25_8h,9.171710968017578
2018,"Haliburton, Kawartha, Pine Ridge District Health Unit",PM25_8h,9.472443580627441
2018,Niagara Region Public Health Department,PM25_8h,9.800919532775879
2018,Chatham-Kent Health Unit,PM25_8h,9.836249351501465
2018,"Kingston, Frontenac and Lennox and Addington Health Unit",PM25_8h,9.327056884765625
2018,Windsor-Essex County Health Unit,PM25_8h,9.846944808959961
2018,Peterborough Public Health,PM25_8h,9.45887279510498
2018,Grey Bruce Health Unit,PM25_8h,9.560758590698242
2018,Eastern Ontario Health Unit,PM25_8h,9.14837646484375
2018,North Bay Parry Sound District Health Unit,PM25_8h,9.164715766906738
2018,Ottawa Public Health,PM25_8h,9.135763168334961
2018,"Leeds, Grenville and Lanark District Health Unit",PM25_8h,9.216821670532227
2018,Northwestern Health Unit,PM25_8h,9.169535636901855
2018,Haldimand-Norfolk Health Unit,PM25_8h,9.85330867767334
2018,Timiskaming Health Unit,PM25_8h,9.038810729980469
2018,Renfrew County and District Health Unit,PM25_8h,9.118460655212402
2018,Toronto Public Health,PM25_8h,9.740453720092773
2018,Halton Region Health Department,PM25_8h,9.814509391784668
2018,Hastings and Prince Edward Counties Health Unit,PM25_8h,9.39683723449707
2018,Simcoe Muskoka District Health Unit,PM25_8h,9.527003288269043
2018,Durham Region Health Department,PM25_8h,9.632628440856934
2018,Porcupine Health Unit,PM25_8h,9.0280609130859375
2018,Algoma Public Health Unit,PM25_8h,9.23733139038086
2019,York Region Public Health,PM25_3h,11.534829139709473
2019,Huron Perth Health Unit,PM25_3h,11.619932174682617
2019,"Region of Waterloo, Public Health",PM25_3h,11.699288368225098
2019,Southwestern Public Health,PM25_3h,11.749190330505371
2019,Hamilton Public Health Services,PM25_3h,11.753504753112793
2019,Thunder Bay District Health Unit,PM25_3h,10.826017379760742
2019,Peel Public Health,PM25_3h,11.646549224853516
2019,Lambton Public Health,PM25_3h,11.764755249023438
2019,Wellington-Dufferin-Guelph Health Unit,PM25_3h,11.635171890258789
2019,Brant County Health Unit,PM25_3h,11.758633613586426
2019,Middlesex-London Health Unit,PM25_3h,11.725152015686035
2019,Sudbury and District Health Unit,PM25_3h,10.891404151916504
2019,"Haliburton, Kawartha, Pine Ridge District Health Unit",PM25_3h,11.291281700134277
2019,Niagara Region Public Health Department,PM25_3h,11.696452140808105
2019,Chatham-Kent Health Unit,PM25_3h,11.774276733398438
2019,"Kingston, Frontenac and Lennox and Addington Health Unit",PM25_3h,11.14819049835205
2019,Windsor-Essex County Health Unit,PM25_3h,11.779065132141113
2019,Peterborough Public Health,PM25_3h,11.277239799499512
2019,Grey Bruce Health Unit,PM25_3h,11.388297080993652
2019,Eastern Ontario Health Unit,PM25_3h,10.942877769470215
2019,North Bay Parry Sound District Health Unit,PM25_3h,10.884541511535645
2019,Ottawa Public Health,PM25_3h,10.924504280090332
2019,"Leeds, Grenville and Lanark District Health Unit",PM25_3h,11.020325660705566
2019,Northwestern Health Unit,PM25_3h,10.838862419128418
2019,Haldimand-Norfolk Health Unit,PM25_3h,11.77299976348877
2019,Timiskaming Health Unit,PM25_3h,10.729218482971191
2019,Renfrew County and District Health Unit,PM25_3h,10.880475997924805
2019,Toronto Public Health,PM25_3h,11.59324836730957
2019,Halton Region Health Department,PM25_3h,11.70502758026123
2019,Hastings and Prince Edward Counties Health Unit,PM25_3h,11.220614433288574
2019,Simcoe Muskoka District Health Unit,PM25_3h,11.34144115447998
2019,Durham Region Health Department,PM25_3h,11.471570014953613
2019,Porcupine Health Unit,PM25_3h,10.702945709228516
2019,Algoma Public Health Unit,PM25_3h,10.958601951599121
2019,York Region Public Health,PM25_8h,9.383469581604004
2019,Huron Perth Health Unit,PM25_8h,9.4490966796875
2019,"Region of Waterloo, Public Health",PM25_8h,9.521085739135742
2019,Southwestern Public Health,PM25_8h,9.564486503601074
2019,Hamilton Public Health Services,PM25_8h,9.5733060836792
2019,Thunder Bay District Health Unit,PM25_8h,8.712577819824219
2019,Peel Public Health,PM25_8h,9.481651306152344
2019,Lambton Public Health,PM25_8h,9.574953079223633
2019,Wellington-Dufferin-Guelph Health Unit,PM25_8h,9.465350151062012
2019,Brant County Health Unit,PM25_8h,9.57401180267334
2019,Middlesex-London Health Unit,PM25_8h,9.5424652099609375
2019,Sudbury and District Health Unit,PM25_8h,8.785104751586914
2019,"Haliburton, Kawartha, Pine Ridge District Health Unit",PM25_8h,9.165127754211426
2019,Niagara Region Public Health Department,PM25_8h,9.526137351989746
2019,Chatham-Kent Health Unit,PM25_8h,9.584527015686035
2019,"Kingston, Frontenac and Lennox and Addington Health Unit",PM25_8h,9.043584823608398
2019,Windsor-Essex County Health Unit,PM25_8h,9.587657928466797
2019,Peterborough Public Health,PM25_8h,9.1522979736328125
2019,Grey Bruce Health Unit,PM25_8h,9.24142837524414
2019,Eastern Ontario Health Unit,PM25_8h,8.866979598999023
2019,North Bay Parry Sound District Health Unit,PM25_8h,8.79112434387207
2019,Ottawa Public Health,PM25_8h,8.851912498474121
2019,"Leeds, Grenville and Lanark District Health Unit",PM25_8h,8.934012413024902
2019,Northwestern Health Unit,PM25_8h,8.724416732788086
2019,Haldimand-Norfolk Health Unit,PM25_8h,9.588160514831543
2019,Timiskaming Health Unit,PM25_8h,8.64837646484375
2019,Renfrew County and District Health Unit,PM25_8h,8.808232307434082
2019,Toronto Public Health,PM25_8h,9.438337326049805
2019,Halton Region Health Department,PM25_8h,9.532171249389648
2019,Hastings and Prince Edward Counties Health Unit,PM25_8h,9.104257583618164
2019,Simcoe Muskoka District Health Unit,PM25_8h,9.204301834106445
2019,Durham Region Health Department,PM25_8h,9.328349113464355
2019,Porcupine Health Unit,PM25_8h,8.617206573486328
2019,Algoma Public Health Unit,PM25_8h,8.836064338684082
2020,York Region Public Health,PM25_3h,10.835688591003418
2020,Huron Perth Health Unit,PM25_3h,10.818699836730957
2020,"Region of Waterloo, Public Health",PM25_3h,10.907730102539063
2020,Southwestern Public Health,PM25_3h,10.933588981628418
2020,Hamilton Public Health Services,PM25_3h,10.973718643188477
2020,Thunder Bay District Health Unit,PM25_3h,10.193614959716797
2020,Peel Public Health,PM25_3h,10.91192626953125
2020,Lambton Public Health,PM25_3h,10.93560791015625
2020,Wellington-Dufferin-Guelph Health Unit,PM25_3h,10.869100570678711
2020,Brant County Health Unit,PM25_3h,10.957456588745117
2020,Middlesex-London Health Unit,PM25_3h,10.90478801727295
2020,Sudbury and District Health Unit,PM25_3h,10.228145599365234
2020,"Haliburton, Kawartha, Pine Ridge District Health Unit",PM25_3h,10.643752098083496
2020,Niagara Region Public Health Department,PM25_3h,10.947549819946289
2020,Chatham-Kent Health Unit,PM25_3h,10.946807861328125
2020,"Kingston, Frontenac and Lennox and Addington Health Unit",PM25_3h,10.53922176361084
2020,Windsor-Essex County Health Unit,PM25_3h,10.947969436645508
2020,Peterborough Public Health,PM25_3h,10.635470390319824
2020,Grey Bruce Health Unit,PM25_3h,10.637811660766602
2020,Eastern Ontario Health Unit,PM25_3h,10.34988021850586
2020,North Bay Parry Sound District Health Unit,PM25_3h,10.252872467041016
2020,Ottawa Public Health,PM25_3h,10.338188171386719
2020,"Leeds, Grenville and Lanark District Health Unit",PM25_3h,10.423795700073242
2020,Northwestern Health Unit,PM25_3h,10.204681396484375
2020,Haldimand-Norfolk Health Unit,PM25_3h,10.972016334533691
2020,Timiskaming Health Unit,PM25_3h,10.11595630645752
2020,Renfrew County and District Health Unit,PM25_3h,10.293261528015137
2020,Toronto Public Health,PM25_3h,10.88901138305664
2020,Halton Region Health Department,PM25_3h,10.945673942565918
2020,Hastings and Prince Edward Counties Health Unit,PM25_3h,10.595818519592285
2020,Simcoe Muskoka District Health Unit,PM25_3h,10.649792671203613
2020,Durham Region Health Department,PM25_3h,10.79275131225586
2020,Porcupine Health Unit,PM25_3h,10.085829734802246
2020,Algoma Public Health Unit,PM25_3h,10.257909774780273
2020,York Region Public Health,PM25_8h,8.882650375366211
2020,Huron Perth Health Unit,PM25_8h,8.887884140014648
2020,"Region of Waterloo, Public Health",PM25_8h,8.95809268951416
2020,Southwestern Public Health,PM25_8h,8.987618446350098
2020,Hamilton Public Health Services,PM25_8h,9.011528968811035
2020,Thunder Bay District Health Unit,PM25_8h,8.30850601196289
2020,Peel Public Health,PM25_8h,8.953121185302734
2020,Lambton Public Health,PM25_8h,8.998773574829102
2020,Wellington-Dufferin-Guelph Health Unit,PM25_8h,8.920685768127441
2020,Brant County Health Unit,PM25_8h,9.001127243041992
2020,Middlesex-London Health Unit,PM25_8h,8.9661226272583
2020,Sudbury and District Health Unit,PM25_8h,8.352112770080566
2020,"Haliburton, Kawartha, Pine Ridge District Health Unit",PM25_8h,8.711874961853027
2020,Niagara Region Public Health Department,PM25_8h,8.985920906066895
2020,Chatham-Kent Health Unit,PM25_8h,9.007503509521484
2020,"Kingston, Frontenac and Lennox and Addington Health Unit",PM25_8h,8.627711296081543
2020,Windsor-Essex County Health Unit,PM25_8h,9.010881423950195
2020,Peterborough Public Health,PM25_8h,8.702943801879883
2020,Grey Bruce Health Unit,PM25_8h,8.722695350646973
2020,Eastern Ontario Health Unit,PM25_8h,8.477112770080566
2020,North Bay Parry Sound District Health Unit,PM25_8h,8.376178741455078
2020,Ottawa Public Health,PM25_8h,8.464692115783691
2020,"Leeds, Grenville and Lanark District Health Unit",PM25_8h,8.534722328186035
2020,Northwestern Health Unit,PM25_8h,8.319601058959961
2020,Haldimand-Norfolk Health Unit,PM25_8h,9.01480770111084
2020,Timiskaming Health Unit,PM25_8h,8.255724906921387
2020,Renfrew County and District Health Unit,PM25_8h,8.420268058776855
2020,Toronto Public Health,PM25_8h,8.930163383483887
2020,Halton Region Health Department,PM25_8h,8.985047340393066
2020,Hastings and Prince Edward Counties Health Unit,PM25_8h,8.6721954345703125
2020,Simcoe Muskoka District Health Unit,PM25_8h,8.721040725708008
2020,Durham Region Health Department,PM25_8h,8.843653678894043
2020,Porcupine Health Unit,PM25_8h,8.224815368652344
2020,Algoma Public Health Unit,PM25_8h,8.376608848571777
2021,York Region Public Health,PM25_3h,12.152618408203125
2021,Huron Perth Health Unit,PM25_3h,12.233717918395996
2021,"Region of Waterloo, Public Health",PM25_3h,12.300371170043945
2021,Southwestern Public Health,PM25_3h,12.346463203430176
2021,Hamilton Public Health Services,PM25_3h,12.335543632507324
2021,Thunder Bay District Health Unit,PM25_3h,11.6419038772583
2021,Peel Public Health,PM25_3h,12.257481575012207
2021,Lambton Public Health,PM25_3h,12.40664005279541
2021,Wellington-Dufferin-Guelph Health Unit,PM25_3h,12.240656852722168
2021,Brant County Health Unit,PM25_3h,12.342926025390625
2021,Middlesex-London Health Unit,PM25_3h,12.332582473754883
2021,Sudbury and District Health Unit,PM25_3h,11.569524765014648
2021,"Haliburton, Kawartha, Pine Ridge District Health Unit",PM25_3h,11.901106834411621
2021,Niagara Region Public Health Department,PM25_3h,12.27735424041748
2021,Chatham-Kent Health Unit,PM25_3h,12.40768814086914
2021,"Kingston, Frontenac and Lennox and Addington Health Unit",PM25_3h,11.75910758972168
2021,Windsor-Essex County Health Unit,PM25_3h,12.433734893798828
2021,Peterborough Public Health,PM25_3h,11.888101577758789
2021,Grey Bruce Health Unit,PM25_3h,12.011778831481934
2021,Eastern Ontario Health Unit,PM25_3h,11.563979148864746
2021,North Bay Parry Sound District Health Unit,PM25_3h,11.547098159790039
2021,Ottawa Public Health,PM25_3h,11.545756340026855
2021,"Leeds, Grenville and Lanark District Health Unit",PM25_3h,11.637166023254395
2021,Northwestern Health Unit,PM25_3h,11.658841133117676
2021,Haldimand-Norfolk Health Unit,PM25_3h,12.351266860961914
2021,Timiskaming Health Unit,PM25_3h,11.421822547912598
2021,Renfrew County and District Health Unit,PM25_3h,11.511622428894043
2021,Toronto Public Health,PM25_3h,12.214323043823242
2021,Halton Region Health Department,PM25_3h,12.301379203796387
2021,Hastings and Prince Edward Counties Health Unit,PM25_3h,11.817865371704102
2021,Simcoe Muskoka District Health Unit,PM25_3h,11.958049774169922
2021,Durham Region Health Department,PM25_3h,12.084342002868652
2021,Porcupine Health Unit,PM25_3h,11.4292631149292
2021,Algoma Public Health Unit,PM25_3h,11.683584213256836
2021,York Region Public Health,PM25_8h,9.925076484680176
2021,Huron Perth Health Unit,PM25_8h,10.006203651428223
2021,"Region of Waterloo, Public Health",PM25_8h,10.058755874633789
2021,Southwestern Public Health,PM25_8h,10.104377746582031
2021,Hamilton Public Health Services,PM25_8h,10.089238166809082
2021,Thunder Bay District Health Unit,PM25_8h,9.4903564453125
2021,Peel Public Health,PM25_8h,10.017053604125977
2021,Lambton Public Health,PM25_8h,10.155928611755371
2021,Wellington-Dufferin-Guelph Health Unit,PM25_8h,10.00526237487793
2021,Brant County Health Unit,PM25_8h,10.096900939941406
2021,Middlesex-London Health Unit,PM25_8h,10.093877792358398
2021,Sudbury and District Health Unit,PM25_8h,9.430848121643066
2021,"Haliburton, Kawartha, Pine Ridge District Health Unit",PM25_8h,9.711019515991211
2021,Niagara Region Public Health Department,PM25_8h,10.038335800170898
2021,Chatham-Kent Health Unit,PM25_8h,10.157240867614746
2021,"Kingston, Frontenac and Lennox and Addington Health Unit",PM25_8h,9.595879554748535
2021,Windsor-Essex County Health Unit,PM25_8h,10.179969787597656
2021,Peterborough Public Health,PM25_8h,9.699071884155273
2021,Grey Bruce Health Unit,PM25_8h,9.812438011169434
2021,Eastern Ontario Health Unit,PM25_8h,9.4371919631958
2021,North Bay Parry Sound District Health Unit,PM25_8h,9.411206245422363
2021,Ottawa Public Health,PM25_8h,9.422137260437012
2021,"Leeds, Grenville and Lanark District Health Unit",PM25_8h,9.496452331542969
2021,Northwestern Health Unit,PM25_8h,9.5056915283203125
2021,Haldimand-Norfolk Health Unit,PM25_8h,10.105975151062012
2021,Timiskaming Health Unit,PM25_8h,9.306733131408691
2021,Renfrew County and District Health Unit,PM25_8h,9.39013957977295
2021,Toronto Public Health,PM25_8h,9.978672981262207
2021,Halton Region Health Department,PM25_8h,10.057400703430176
2021,Hastings and Prince Edward Counties Health Unit,PM25_8h,9.645017623901367
2021,Simcoe Muskoka District Health Unit,PM25_8h,9.758298873901367
2021,Durham Region Health Department,PM25_8h,9.866597175598145
2021,Porcupine Health Unit,PM25_8h,9.311430931091309
2021,Algoma Public Health Unit,PM25_8h,9.525426864624023
2022,York Region Public Health,PM25_3h,10.266234397888184
2022,Huron Perth Health Unit,PM25_3h,10.27336597442627
2022,"Region of Waterloo, Public Health",PM25_3h,10.325748443603516
2022,Southwestern Public Health,PM25_3h,10.358419418334961
2022,Hamilton Public Health Services,PM25_3h,10.370617866516113
2022,Thunder Bay District Health Unit,PM25_3h,9.6223602294921875
2022,Peel Public Health,PM25_3h,10.32718563079834
2022,Lambton Public Health,PM25_3h,10.406655311584473
2022,Wellington-Dufferin-Guelph Health Unit,PM25_3h,10.29083251953125
2022,Brant County Health Unit,PM25_3h,10.359731674194336
2022,Middlesex-London Health Unit,PM25_3h,10.346335411071777
2022,Sudbury and District Health Unit,PM25_3h,9.785401344299316
2022,"Haliburton, Kawartha, Pine Ridge District Health Unit",PM25_3h,10.111974716186523
2022,Niagara Region Public Health Department,PM25_3h,10.340703010559082
2022,Chatham-Kent Health Unit,PM25_3h,10.411328315734863
2022,"Kingston, Frontenac and Lennox and Addington Health Unit",PM25_3h,9.99721908569336
2022,Windsor-Essex County Health Unit,PM25_3h,10.412888526916504
2022,Peterborough Public Health,PM25_3h,10.111282348632813
2022,Grey Bruce Health Unit,PM25_3h,10.11916446685791
2022,Eastern Ontario Health Unit,PM25_3h,9.86931037902832
2022,North Bay Parry Sound District Health Unit,PM25_3h,9.805269241333008
2022,Ottawa Public Health,PM25_3h,9.856881141662598
2022,"Leeds, Grenville and Lanark District Health Unit",PM25_3h,9.91872501373291
2022,Northwestern Health Unit,PM25_3h,9.63208293914795
2022,Haldimand-Norfolk Health Unit,PM25_3h,10.370267868041992
2022,Timiskaming Health Unit,PM25_3h,9.686501502990723
2022,Renfrew County and District Health Unit,PM25_3h,9.844587326049805
2022,Toronto Public Health,PM25_3h,10.31047248840332
2022,Halton Region Health Department,PM25_3h,10.34968376159668
2022,Hastings and Prince Edward Counties Health Unit,PM25_3h,10.055508613586426
2022,Simcoe Muskoka District Health Unit,PM25_3h,10.115081787109375
2022,Durham Region Health Department,PM25_3h,10.230995178222656
2022,Porcupine Health Unit,PM25_3h,9.633756637573242
2022,Algoma Public Health Unit,PM25_3h,9.784984588623047
2022,York Region Public Health,PM25_8h,8.64995002746582
2022,Huron Perth Health Unit,PM25_8h,8.677790641784668
2022,"Region of Waterloo, Public Health",PM25_8h,8.724065780639648
2022,Southwestern Public Health,PM25_8h,8.759076118469238
2022,Hamilton Public Health Services,PM25_8h,8.759364128112793
2022,Thunder Bay District Health Unit,PM25_8h,8.095988273620605
2022,Peel Public Health,PM25_8h,8.710931777954102
2022,Lambton Public Health,PM25_8h,8.79684829711914
2022,Wellington-Dufferin-Guelph Health Unit,PM25_8h,8.686759948730469
2022,Brant County Health Unit,PM25_8h,8.755892753601074
2022,Middlesex-London Health Unit,PM25_8h,8.748754501342773
2022,Sudbury and District Health Unit,PM25_8h,8.217352867126465
2022,"Haliburton, Kawartha, Pine Ridge District Health Unit",PM25_8h,8.509437561035156
2022,Niagara Region Public Health Department,PM25_8h,8.727724075317383
2022,Chatham-Kent Health Unit,PM25_8h,8.801398277282715
2022,"Kingston, Frontenac and Lennox and Addington Health Unit",PM25_8h,8.420475959777832
2022,Windsor-Essex County Health Unit,PM25_8h,8.805672645568848
2022,Peterborough Public Health,PM25_8h,8.506678581237793
2022,Grey Bruce Health Unit,PM25_8h,8.5282135009765625
2022,Eastern Ontario Health Unit,PM25_8h,8.316768646240234
2022,North Bay Parry Sound District Health Unit,PM25_8h,8.241462707519531
2022,Ottawa Public Health,PM25_8h,8.305407524108887
2022,"Leeds, Grenville and Lanark District Health Unit",PM25_8h,8.356405258178711
2022,Northwestern Health Unit,PM25_8h,8.10688591003418
2022,Haldimand-Norfolk Health Unit,PM25_8h,8.7657623291015625
2022,Timiskaming Health Unit,PM25_8h,8.136775016784668
2022,Renfrew County and District Health Unit,PM25_8h,8.2890167236328125
2022,Toronto Public Health,PM25_8h,8.690618515014648
2022,Halton Region Health Department,PM25_8h,8.736701965332031
2022,Hastings and Prince Edward Counties Health Unit,PM25_8h,8.464768409729004
2022,Simcoe Muskoka District Health Unit,PM25_8h,8.5156888961792
2022,Durham Region Health Department,PM25_8h,8.616130828857422
2022,Porcupine Health Unit,PM25_8h,8.090399742126465
2022,Algoma Public Health Unit,PM25_8h,8.218326568603516
